{
  "i18n/i18n.properties": 1637121082824,
  "manifest.json": 1637125334320,
  "utils/locate-reuse-libs.js": 1637121082828,
  "model/models.js": 1637121082828,
  "controller/View1.controller.js": 1637121082832,
  "Component.js": 1637121082820,
  "manifest-bundle.zip": 1637125334338,
  "Component-preload.js": 1637125334813,
  "Component-dbg.js": 1637121082820,
  "model/models-dbg.js": 1637121082828,
  "controller/View1-dbg.controller.js": 1637121082832,
  "utils/locate-reuse-libs-dbg.js": 1637121082828,
  "view/View1.view.xml": 1637121082832,
  "css/style.css": 1637121082828,
  "index.html": 1637121082824
}